[
  {
    "type": "post",
    "url": "/auth",
    "title": "Authenticate",
    "name": "Authenticate",
    "group": "Auth",
    "permission": [
      {
        "name": "master",
        "title": "Master access only",
        "description": "<p>You must pass <code>access_token</code> parameter or a Bearer Token authorization header to access this endpoint.</p>"
      }
    ],
    "header": {
      "fields": {
        "Header": [
          {
            "group": "Header",
            "type": "String",
            "optional": false,
            "field": "Authorization",
            "description": "<p>Basic authorization with email and password.</p>"
          }
        ]
      }
    },
    "parameter": {
      "fields": {
        "Parameter": [
          {
            "group": "Parameter",
            "type": "String",
            "optional": false,
            "field": "access_token",
            "description": "<p>Master access_token.</p>"
          }
        ]
      }
    },
    "success": {
      "fields": {
        "Success 201": [
          {
            "group": "Success 201",
            "type": "String",
            "optional": false,
            "field": "token",
            "description": "<p>User <code>access_token</code> to be passed to other requests.</p>"
          },
          {
            "group": "Success 201",
            "type": "Object",
            "optional": false,
            "field": "user",
            "description": "<p>Current user's data.</p>"
          }
        ]
      }
    },
    "error": {
      "fields": {
        "Error 4xx": [
          {
            "group": "Error 4xx",
            "optional": false,
            "field": "401",
            "description": "<p>Master access only or invalid credentials.</p>"
          }
        ]
      }
    },
    "version": "0.0.0",
    "filename": "src/api/auth/index.js",
    "groupTitle": "Auth"
  },
  {
    "type": "post",
    "url": "/events",
    "title": "Create event",
    "name": "CreateEvent",
    "group": "Event",
    "permission": [
      {
        "name": "admin",
        "title": "Admin access only",
        "description": "<p>You must pass <code>access_token</code> parameter or a Bearer Token authorization header to access this endpoint.</p>"
      }
    ],
    "parameter": {
      "fields": {
        "Parameter": [
          {
            "group": "Parameter",
            "type": "String",
            "optional": false,
            "field": "access_token",
            "description": "<p>admin access token.</p>"
          },
          {
            "group": "Parameter",
            "optional": false,
            "field": "title",
            "description": "<p>Event's title.</p>"
          },
          {
            "group": "Parameter",
            "optional": false,
            "field": "eventDate",
            "description": "<p>Event's eventDate.</p>"
          },
          {
            "group": "Parameter",
            "optional": false,
            "field": "description",
            "description": "<p>Event's description.</p>"
          },
          {
            "group": "Parameter",
            "optional": false,
            "field": "registrationStartDate",
            "description": "<p>Event's registrationStartDate.</p>"
          },
          {
            "group": "Parameter",
            "optional": false,
            "field": "registrationEndDate",
            "description": "<p>Event's registrationEndDate.</p>"
          },
          {
            "group": "Parameter",
            "optional": false,
            "field": "registerUsers",
            "description": "<p>Event's registerUsers.</p>"
          },
          {
            "group": "Parameter",
            "optional": false,
            "field": "organizer",
            "description": "<p>Event's organizer.</p>"
          },
          {
            "group": "Parameter",
            "optional": false,
            "field": "more",
            "description": "<p>Event's more.</p>"
          },
          {
            "group": "Parameter",
            "optional": false,
            "field": "location",
            "description": "<p>Event's location.</p>"
          }
        ]
      }
    },
    "success": {
      "fields": {
        "Success 200": [
          {
            "group": "Success 200",
            "type": "Object",
            "optional": false,
            "field": "event",
            "description": "<p>Event's data.</p>"
          }
        ]
      }
    },
    "error": {
      "fields": {
        "Error 4xx": [
          {
            "group": "Error 4xx",
            "type": "Object",
            "optional": false,
            "field": "400",
            "description": "<p>Some parameters may contain invalid values.</p>"
          },
          {
            "group": "Error 4xx",
            "optional": false,
            "field": "404",
            "description": "<p>Event not found.</p>"
          },
          {
            "group": "Error 4xx",
            "optional": false,
            "field": "401",
            "description": "<p>admin access only.</p>"
          }
        ]
      }
    },
    "version": "0.0.0",
    "filename": "src/api/event/index.js",
    "groupTitle": "Event"
  },
  {
    "type": "delete",
    "url": "/events/:id",
    "title": "Delete event",
    "name": "DeleteEvent",
    "group": "Event",
    "permission": [
      {
        "name": "admin",
        "title": "Admin access only",
        "description": "<p>You must pass <code>access_token</code> parameter or a Bearer Token authorization header to access this endpoint.</p>"
      }
    ],
    "parameter": {
      "fields": {
        "Parameter": [
          {
            "group": "Parameter",
            "type": "String",
            "optional": false,
            "field": "access_token",
            "description": "<p>admin access token.</p>"
          }
        ]
      }
    },
    "success": {
      "fields": {
        "Success 204": [
          {
            "group": "Success 204",
            "optional": false,
            "field": "204",
            "description": "<p>No Content.</p>"
          }
        ]
      }
    },
    "error": {
      "fields": {
        "Error 4xx": [
          {
            "group": "Error 4xx",
            "optional": false,
            "field": "404",
            "description": "<p>Event not found.</p>"
          },
          {
            "group": "Error 4xx",
            "optional": false,
            "field": "401",
            "description": "<p>admin access only.</p>"
          }
        ]
      }
    },
    "version": "0.0.0",
    "filename": "src/api/event/index.js",
    "groupTitle": "Event"
  },
  {
    "type": "get",
    "url": "/events/:id",
    "title": "Retrieve event",
    "name": "RetrieveEvent",
    "group": "Event",
    "success": {
      "fields": {
        "Success 200": [
          {
            "group": "Success 200",
            "type": "Object",
            "optional": false,
            "field": "event",
            "description": "<p>Event's data.</p>"
          }
        ]
      }
    },
    "error": {
      "fields": {
        "Error 4xx": [
          {
            "group": "Error 4xx",
            "type": "Object",
            "optional": false,
            "field": "400",
            "description": "<p>Some parameters may contain invalid values.</p>"
          },
          {
            "group": "Error 4xx",
            "optional": false,
            "field": "404",
            "description": "<p>Event not found.</p>"
          }
        ]
      }
    },
    "version": "0.0.0",
    "filename": "src/api/event/index.js",
    "groupTitle": "Event"
  },
  {
    "type": "get",
    "url": "/events",
    "title": "Retrieve events",
    "name": "RetrieveEvents",
    "group": "Event",
    "success": {
      "fields": {
        "Success 200": [
          {
            "group": "Success 200",
            "type": "Number",
            "optional": false,
            "field": "count",
            "description": "<p>Total amount of events.</p>"
          },
          {
            "group": "Success 200",
            "type": "Object[]",
            "optional": false,
            "field": "rows",
            "description": "<p>List of events.</p>"
          }
        ]
      }
    },
    "error": {
      "fields": {
        "Error 4xx": [
          {
            "group": "Error 4xx",
            "type": "Object",
            "optional": false,
            "field": "400",
            "description": "<p>Some parameters may contain invalid values.</p>"
          }
        ]
      }
    },
    "version": "0.0.0",
    "filename": "src/api/event/index.js",
    "groupTitle": "Event",
    "parameter": {
      "fields": {
        "Parameter": [
          {
            "group": "Parameter",
            "type": "String",
            "optional": true,
            "field": "q",
            "description": "<p>Query to search.</p>"
          },
          {
            "group": "Parameter",
            "type": "Number",
            "size": "1..30",
            "optional": true,
            "field": "page",
            "defaultValue": "1",
            "description": "<p>Page number.</p>"
          },
          {
            "group": "Parameter",
            "type": "Number",
            "size": "1..100",
            "optional": true,
            "field": "limit",
            "defaultValue": "30",
            "description": "<p>Amount of returned items.</p>"
          },
          {
            "group": "Parameter",
            "type": "String[]",
            "optional": true,
            "field": "sort",
            "defaultValue": "-createdAt",
            "description": "<p>Order of returned items.</p>"
          },
          {
            "group": "Parameter",
            "type": "String[]",
            "optional": true,
            "field": "fields",
            "description": "<p>Fields to be returned.</p>"
          }
        ]
      }
    }
  },
  {
    "type": "put",
    "url": "/events/:id",
    "title": "Update event",
    "name": "UpdateEvent",
    "group": "Event",
    "permission": [
      {
        "name": "admin",
        "title": "Admin access only",
        "description": "<p>You must pass <code>access_token</code> parameter or a Bearer Token authorization header to access this endpoint.</p>"
      }
    ],
    "parameter": {
      "fields": {
        "Parameter": [
          {
            "group": "Parameter",
            "type": "String",
            "optional": false,
            "field": "access_token",
            "description": "<p>admin access token.</p>"
          },
          {
            "group": "Parameter",
            "optional": false,
            "field": "title",
            "description": "<p>Event's title.</p>"
          },
          {
            "group": "Parameter",
            "optional": false,
            "field": "eventDate",
            "description": "<p>Event's eventDate.</p>"
          },
          {
            "group": "Parameter",
            "optional": false,
            "field": "description",
            "description": "<p>Event's description.</p>"
          },
          {
            "group": "Parameter",
            "optional": false,
            "field": "registrationStartDate",
            "description": "<p>Event's registrationStartDate.</p>"
          },
          {
            "group": "Parameter",
            "optional": false,
            "field": "registrationEndDate",
            "description": "<p>Event's registrationEndDate.</p>"
          },
          {
            "group": "Parameter",
            "optional": false,
            "field": "registerUsers",
            "description": "<p>Event's registerUsers.</p>"
          },
          {
            "group": "Parameter",
            "optional": false,
            "field": "organizer",
            "description": "<p>Event's organizer.</p>"
          },
          {
            "group": "Parameter",
            "optional": false,
            "field": "more",
            "description": "<p>Event's more.</p>"
          },
          {
            "group": "Parameter",
            "optional": false,
            "field": "location",
            "description": "<p>Event's location.</p>"
          }
        ]
      }
    },
    "success": {
      "fields": {
        "Success 200": [
          {
            "group": "Success 200",
            "type": "Object",
            "optional": false,
            "field": "event",
            "description": "<p>Event's data.</p>"
          }
        ]
      }
    },
    "error": {
      "fields": {
        "Error 4xx": [
          {
            "group": "Error 4xx",
            "type": "Object",
            "optional": false,
            "field": "400",
            "description": "<p>Some parameters may contain invalid values.</p>"
          },
          {
            "group": "Error 4xx",
            "optional": false,
            "field": "404",
            "description": "<p>Event not found.</p>"
          },
          {
            "group": "Error 4xx",
            "optional": false,
            "field": "401",
            "description": "<p>admin access only.</p>"
          }
        ]
      }
    },
    "version": "0.0.0",
    "filename": "src/api/event/index.js",
    "groupTitle": "Event"
  },
  {
    "type": "post",
    "url": "/projects",
    "title": "Create project",
    "name": "CreateProject",
    "group": "Project",
    "permission": [
      {
        "name": "user",
        "title": "User access only",
        "description": "<p>You must pass <code>access_token</code> parameter or a Bearer Token authorization header to access this endpoint.</p>"
      }
    ],
    "parameter": {
      "fields": {
        "Parameter": [
          {
            "group": "Parameter",
            "type": "String",
            "optional": false,
            "field": "access_token",
            "description": "<p>user access token.</p>"
          },
          {
            "group": "Parameter",
            "optional": false,
            "field": "subject",
            "description": "<p>Project's subject.</p>"
          },
          {
            "group": "Parameter",
            "optional": false,
            "field": "description",
            "description": "<p>Project's description.</p>"
          }
        ]
      }
    },
    "success": {
      "fields": {
        "Success 200": [
          {
            "group": "Success 200",
            "type": "Object",
            "optional": false,
            "field": "project",
            "description": "<p>Project's data.</p>"
          }
        ]
      }
    },
    "error": {
      "fields": {
        "Error 4xx": [
          {
            "group": "Error 4xx",
            "type": "Object",
            "optional": false,
            "field": "400",
            "description": "<p>Some parameters may contain invalid values.</p>"
          },
          {
            "group": "Error 4xx",
            "optional": false,
            "field": "404",
            "description": "<p>Project not found.</p>"
          },
          {
            "group": "Error 4xx",
            "optional": false,
            "field": "401",
            "description": "<p>user access only.</p>"
          }
        ]
      }
    },
    "version": "0.0.0",
    "filename": "src/api/project/index.js",
    "groupTitle": "Project"
  },
  {
    "type": "delete",
    "url": "/projects/:id",
    "title": "Delete project",
    "name": "DeleteProject",
    "group": "Project",
    "permission": [
      {
        "name": "user",
        "title": "User access only",
        "description": "<p>You must pass <code>access_token</code> parameter or a Bearer Token authorization header to access this endpoint.</p>"
      }
    ],
    "parameter": {
      "fields": {
        "Parameter": [
          {
            "group": "Parameter",
            "type": "String",
            "optional": false,
            "field": "access_token",
            "description": "<p>user access token.</p>"
          }
        ]
      }
    },
    "success": {
      "fields": {
        "Success 204": [
          {
            "group": "Success 204",
            "optional": false,
            "field": "204",
            "description": "<p>No Content.</p>"
          }
        ]
      }
    },
    "error": {
      "fields": {
        "Error 4xx": [
          {
            "group": "Error 4xx",
            "optional": false,
            "field": "404",
            "description": "<p>Project not found.</p>"
          },
          {
            "group": "Error 4xx",
            "optional": false,
            "field": "401",
            "description": "<p>user access only.</p>"
          }
        ]
      }
    },
    "version": "0.0.0",
    "filename": "src/api/project/index.js",
    "groupTitle": "Project"
  },
  {
    "type": "get",
    "url": "/projects/:id",
    "title": "Retrieve project",
    "name": "RetrieveProject",
    "group": "Project",
    "permission": [
      {
        "name": "user",
        "title": "User access only",
        "description": "<p>You must pass <code>access_token</code> parameter or a Bearer Token authorization header to access this endpoint.</p>"
      }
    ],
    "parameter": {
      "fields": {
        "Parameter": [
          {
            "group": "Parameter",
            "type": "String",
            "optional": false,
            "field": "access_token",
            "description": "<p>user access token.</p>"
          }
        ]
      }
    },
    "success": {
      "fields": {
        "Success 200": [
          {
            "group": "Success 200",
            "type": "Object",
            "optional": false,
            "field": "project",
            "description": "<p>Project's data.</p>"
          }
        ]
      }
    },
    "error": {
      "fields": {
        "Error 4xx": [
          {
            "group": "Error 4xx",
            "type": "Object",
            "optional": false,
            "field": "400",
            "description": "<p>Some parameters may contain invalid values.</p>"
          },
          {
            "group": "Error 4xx",
            "optional": false,
            "field": "404",
            "description": "<p>Project not found.</p>"
          },
          {
            "group": "Error 4xx",
            "optional": false,
            "field": "401",
            "description": "<p>user access only.</p>"
          }
        ]
      }
    },
    "version": "0.0.0",
    "filename": "src/api/project/index.js",
    "groupTitle": "Project"
  },
  {
    "type": "get",
    "url": "/projects",
    "title": "Retrieve projects",
    "name": "RetrieveProjects",
    "group": "Project",
    "permission": [
      {
        "name": "user",
        "title": "User access only",
        "description": "<p>You must pass <code>access_token</code> parameter or a Bearer Token authorization header to access this endpoint.</p>"
      }
    ],
    "parameter": {
      "fields": {
        "Parameter": [
          {
            "group": "Parameter",
            "type": "String",
            "optional": false,
            "field": "access_token",
            "description": "<p>user access token.</p>"
          },
          {
            "group": "Parameter",
            "type": "String",
            "optional": true,
            "field": "q",
            "description": "<p>Query to search.</p>"
          },
          {
            "group": "Parameter",
            "type": "Number",
            "size": "1..30",
            "optional": true,
            "field": "page",
            "defaultValue": "1",
            "description": "<p>Page number.</p>"
          },
          {
            "group": "Parameter",
            "type": "Number",
            "size": "1..100",
            "optional": true,
            "field": "limit",
            "defaultValue": "30",
            "description": "<p>Amount of returned items.</p>"
          },
          {
            "group": "Parameter",
            "type": "String[]",
            "optional": true,
            "field": "sort",
            "defaultValue": "-createdAt",
            "description": "<p>Order of returned items.</p>"
          },
          {
            "group": "Parameter",
            "type": "String[]",
            "optional": true,
            "field": "fields",
            "description": "<p>Fields to be returned.</p>"
          }
        ]
      }
    },
    "success": {
      "fields": {
        "Success 200": [
          {
            "group": "Success 200",
            "type": "Number",
            "optional": false,
            "field": "count",
            "description": "<p>Total amount of projects.</p>"
          },
          {
            "group": "Success 200",
            "type": "Object[]",
            "optional": false,
            "field": "rows",
            "description": "<p>List of projects.</p>"
          }
        ]
      }
    },
    "error": {
      "fields": {
        "Error 4xx": [
          {
            "group": "Error 4xx",
            "type": "Object",
            "optional": false,
            "field": "400",
            "description": "<p>Some parameters may contain invalid values.</p>"
          },
          {
            "group": "Error 4xx",
            "optional": false,
            "field": "401",
            "description": "<p>user access only.</p>"
          }
        ]
      }
    },
    "version": "0.0.0",
    "filename": "src/api/project/index.js",
    "groupTitle": "Project"
  },
  {
    "type": "put",
    "url": "/projects/:id",
    "title": "Update project",
    "name": "UpdateProject",
    "group": "Project",
    "permission": [
      {
        "name": "user",
        "title": "User access only",
        "description": "<p>You must pass <code>access_token</code> parameter or a Bearer Token authorization header to access this endpoint.</p>"
      }
    ],
    "parameter": {
      "fields": {
        "Parameter": [
          {
            "group": "Parameter",
            "type": "String",
            "optional": false,
            "field": "access_token",
            "description": "<p>user access token.</p>"
          },
          {
            "group": "Parameter",
            "optional": false,
            "field": "subject",
            "description": "<p>Project's subject.</p>"
          },
          {
            "group": "Parameter",
            "optional": false,
            "field": "description",
            "description": "<p>Project's description.</p>"
          }
        ]
      }
    },
    "success": {
      "fields": {
        "Success 200": [
          {
            "group": "Success 200",
            "type": "Object",
            "optional": false,
            "field": "project",
            "description": "<p>Project's data.</p>"
          }
        ]
      }
    },
    "error": {
      "fields": {
        "Error 4xx": [
          {
            "group": "Error 4xx",
            "type": "Object",
            "optional": false,
            "field": "400",
            "description": "<p>Some parameters may contain invalid values.</p>"
          },
          {
            "group": "Error 4xx",
            "optional": false,
            "field": "404",
            "description": "<p>Project not found.</p>"
          },
          {
            "group": "Error 4xx",
            "optional": false,
            "field": "401",
            "description": "<p>user access only.</p>"
          }
        ]
      }
    },
    "version": "0.0.0",
    "filename": "src/api/project/index.js",
    "groupTitle": "Project"
  },
  {
    "type": "post",
    "url": "/users",
    "title": "Create user",
    "name": "CreateUser",
    "group": "User",
    "permission": [
      {
        "name": "master",
        "title": "Master access only",
        "description": "<p>You must pass <code>access_token</code> parameter or a Bearer Token authorization header to access this endpoint.</p>"
      }
    ],
    "parameter": {
      "fields": {
        "Parameter": [
          {
            "group": "Parameter",
            "type": "String",
            "optional": false,
            "field": "access_token",
            "description": "<p>Master access_token.</p>"
          },
          {
            "group": "Parameter",
            "type": "String",
            "optional": false,
            "field": "email",
            "description": "<p>User's email.</p>"
          },
          {
            "group": "Parameter",
            "type": "String",
            "size": "6..",
            "optional": false,
            "field": "password",
            "description": "<p>User's password.</p>"
          },
          {
            "group": "Parameter",
            "type": "String",
            "optional": true,
            "field": "name",
            "description": "<p>User's name.</p>"
          },
          {
            "group": "Parameter",
            "type": "String",
            "optional": true,
            "field": "picture",
            "description": "<p>User's picture.</p>"
          },
          {
            "group": "Parameter",
            "type": "String",
            "allowedValues": [
              "user",
              "admin"
            ],
            "optional": true,
            "field": "role",
            "defaultValue": "user",
            "description": "<p>User's role.</p>"
          }
        ]
      }
    },
    "success": {
      "fields": {
        "Sucess 201": [
          {
            "group": "Sucess 201",
            "type": "Object",
            "optional": false,
            "field": "user",
            "description": "<p>User's data.</p>"
          }
        ]
      }
    },
    "error": {
      "fields": {
        "Error 4xx": [
          {
            "group": "Error 4xx",
            "type": "Object",
            "optional": false,
            "field": "400",
            "description": "<p>Some parameters may contain invalid values.</p>"
          },
          {
            "group": "Error 4xx",
            "optional": false,
            "field": "401",
            "description": "<p>Master access only.</p>"
          },
          {
            "group": "Error 4xx",
            "optional": false,
            "field": "409",
            "description": "<p>Email already registered.</p>"
          }
        ]
      }
    },
    "version": "0.0.0",
    "filename": "src/api/user/index.js",
    "groupTitle": "User"
  },
  {
    "type": "delete",
    "url": "/users/:id",
    "title": "Delete user",
    "name": "DeleteUser",
    "group": "User",
    "permission": [
      {
        "name": "admin",
        "title": "Admin access only",
        "description": "<p>You must pass <code>access_token</code> parameter or a Bearer Token authorization header to access this endpoint.</p>"
      }
    ],
    "parameter": {
      "fields": {
        "Parameter": [
          {
            "group": "Parameter",
            "type": "String",
            "optional": false,
            "field": "access_token",
            "description": "<p>User access_token.</p>"
          }
        ]
      }
    },
    "success": {
      "fields": {
        "Success 204": [
          {
            "group": "Success 204",
            "optional": false,
            "field": "204",
            "description": "<p>No Content.</p>"
          }
        ]
      }
    },
    "error": {
      "fields": {
        "Error 4xx": [
          {
            "group": "Error 4xx",
            "optional": false,
            "field": "401",
            "description": "<p>Admin access only.</p>"
          },
          {
            "group": "Error 4xx",
            "optional": false,
            "field": "404",
            "description": "<p>User not found.</p>"
          }
        ]
      }
    },
    "version": "0.0.0",
    "filename": "src/api/user/index.js",
    "groupTitle": "User"
  },
  {
    "type": "get",
    "url": "/users/me",
    "title": "Retrieve current user",
    "name": "RetrieveCurrentUser",
    "group": "User",
    "permission": [
      {
        "name": "user",
        "title": "User access only",
        "description": "<p>You must pass <code>access_token</code> parameter or a Bearer Token authorization header to access this endpoint.</p>"
      }
    ],
    "parameter": {
      "fields": {
        "Parameter": [
          {
            "group": "Parameter",
            "type": "String",
            "optional": false,
            "field": "access_token",
            "description": "<p>User access_token.</p>"
          }
        ]
      }
    },
    "success": {
      "fields": {
        "Success 200": [
          {
            "group": "Success 200",
            "type": "Object",
            "optional": false,
            "field": "user",
            "description": "<p>User's data.</p>"
          }
        ]
      }
    },
    "version": "0.0.0",
    "filename": "src/api/user/index.js",
    "groupTitle": "User"
  },
  {
    "type": "get",
    "url": "/users/:id",
    "title": "Retrieve user",
    "name": "RetrieveUser",
    "group": "User",
    "permission": [
      {
        "name": "public"
      }
    ],
    "success": {
      "fields": {
        "Success 200": [
          {
            "group": "Success 200",
            "type": "Object",
            "optional": false,
            "field": "user",
            "description": "<p>User's data.</p>"
          }
        ]
      }
    },
    "error": {
      "fields": {
        "Error 4xx": [
          {
            "group": "Error 4xx",
            "optional": false,
            "field": "404",
            "description": "<p>User not found.</p>"
          }
        ]
      }
    },
    "version": "0.0.0",
    "filename": "src/api/user/index.js",
    "groupTitle": "User"
  },
  {
    "type": "get",
    "url": "/users",
    "title": "Retrieve users",
    "name": "RetrieveUsers",
    "group": "User",
    "permission": [
      {
        "name": "admin",
        "title": "Admin access only",
        "description": "<p>You must pass <code>access_token</code> parameter or a Bearer Token authorization header to access this endpoint.</p>"
      }
    ],
    "parameter": {
      "fields": {
        "Parameter": [
          {
            "group": "Parameter",
            "type": "String",
            "optional": false,
            "field": "access_token",
            "description": "<p>User access_token.</p>"
          },
          {
            "group": "Parameter",
            "type": "String",
            "optional": true,
            "field": "q",
            "description": "<p>Query to search.</p>"
          },
          {
            "group": "Parameter",
            "type": "Number",
            "size": "1..30",
            "optional": true,
            "field": "page",
            "defaultValue": "1",
            "description": "<p>Page number.</p>"
          },
          {
            "group": "Parameter",
            "type": "Number",
            "size": "1..100",
            "optional": true,
            "field": "limit",
            "defaultValue": "30",
            "description": "<p>Amount of returned items.</p>"
          },
          {
            "group": "Parameter",
            "type": "String[]",
            "optional": true,
            "field": "sort",
            "defaultValue": "-createdAt",
            "description": "<p>Order of returned items.</p>"
          },
          {
            "group": "Parameter",
            "type": "String[]",
            "optional": true,
            "field": "fields",
            "description": "<p>Fields to be returned.</p>"
          }
        ]
      }
    },
    "success": {
      "fields": {
        "Success 200": [
          {
            "group": "Success 200",
            "type": "Object[]",
            "optional": false,
            "field": "users",
            "description": "<p>List of users.</p>"
          }
        ]
      }
    },
    "error": {
      "fields": {
        "Error 4xx": [
          {
            "group": "Error 4xx",
            "type": "Object",
            "optional": false,
            "field": "400",
            "description": "<p>Some parameters may contain invalid values.</p>"
          },
          {
            "group": "Error 4xx",
            "optional": false,
            "field": "401",
            "description": "<p>Admin access only.</p>"
          }
        ]
      }
    },
    "version": "0.0.0",
    "filename": "src/api/user/index.js",
    "groupTitle": "User"
  },
  {
    "type": "put",
    "url": "/users/:id/password",
    "title": "Update password",
    "name": "UpdatePassword",
    "group": "User",
    "header": {
      "fields": {
        "Header": [
          {
            "group": "Header",
            "type": "String",
            "optional": false,
            "field": "Authorization",
            "description": "<p>Basic authorization with email and password.</p>"
          }
        ]
      }
    },
    "parameter": {
      "fields": {
        "Parameter": [
          {
            "group": "Parameter",
            "type": "String",
            "size": "6..",
            "optional": false,
            "field": "password",
            "description": "<p>User's new password.</p>"
          }
        ]
      }
    },
    "success": {
      "fields": {
        "Success 201": [
          {
            "group": "Success 201",
            "type": "Object",
            "optional": false,
            "field": "user",
            "description": "<p>User's data.</p>"
          }
        ]
      }
    },
    "error": {
      "fields": {
        "Error 4xx": [
          {
            "group": "Error 4xx",
            "type": "Object",
            "optional": false,
            "field": "400",
            "description": "<p>Some parameters may contain invalid values.</p>"
          },
          {
            "group": "Error 4xx",
            "optional": false,
            "field": "401",
            "description": "<p>Current user access only.</p>"
          },
          {
            "group": "Error 4xx",
            "optional": false,
            "field": "404",
            "description": "<p>User not found.</p>"
          }
        ]
      }
    },
    "version": "0.0.0",
    "filename": "src/api/user/index.js",
    "groupTitle": "User"
  },
  {
    "type": "put",
    "url": "/users/:id",
    "title": "Update user",
    "name": "UpdateUser",
    "group": "User",
    "permission": [
      {
        "name": "user",
        "title": "User access only",
        "description": "<p>You must pass <code>access_token</code> parameter or a Bearer Token authorization header to access this endpoint.</p>"
      }
    ],
    "parameter": {
      "fields": {
        "Parameter": [
          {
            "group": "Parameter",
            "type": "String",
            "optional": false,
            "field": "access_token",
            "description": "<p>User access_token.</p>"
          },
          {
            "group": "Parameter",
            "type": "String",
            "optional": true,
            "field": "name",
            "description": "<p>User's name.</p>"
          },
          {
            "group": "Parameter",
            "type": "String",
            "optional": true,
            "field": "picture",
            "description": "<p>User's picture.</p>"
          }
        ]
      }
    },
    "success": {
      "fields": {
        "Success 200": [
          {
            "group": "Success 200",
            "type": "Object",
            "optional": false,
            "field": "user",
            "description": "<p>User's data.</p>"
          }
        ]
      }
    },
    "error": {
      "fields": {
        "Error 4xx": [
          {
            "group": "Error 4xx",
            "type": "Object",
            "optional": false,
            "field": "400",
            "description": "<p>Some parameters may contain invalid values.</p>"
          },
          {
            "group": "Error 4xx",
            "optional": false,
            "field": "401",
            "description": "<p>Current user or admin access only.</p>"
          },
          {
            "group": "Error 4xx",
            "optional": false,
            "field": "404",
            "description": "<p>User not found.</p>"
          }
        ]
      }
    },
    "version": "0.0.0",
    "filename": "src/api/user/index.js",
    "groupTitle": "User"
  }
]
